"First Name","Last Name","Gender","Age","Email","Phone","Education","Occupation","Experience (Years)","Salary","Marital Status","IP","Last Seen","Number of Children","SSN","Password","Number of Logins"
53 	2
72 	3
36 	4
56 	1
11 	8
14 	5
87 	7
70 	9
14 	5
81 	1
43 	5
28 	3
23 	3
42 	4
50 	0
31 	4
21 	3
47 	1
23 	5
22 	5
73 	2
04 	4
40 	1
39 	3
00 	1
89 	2
30 	4
11 	3
01 	2
81 	0
82 	3
81 	4
93 	0
91 	1
69 	0
49 	4
55 	1
09 	5
36 	5
92 	1
47 	1
70 	1
22 	0
60 	1
66 	3
30 	3
88 	1
82 	0
56 	0
46 	4
60 	0
35 	2
01 	4
53 	0
79 	2
91 	5
36 	1
11 	1
09 	5
26 	1
59 	0
28 	2
13 	1
49 	4
26 	0
96 	2
11 	1
66 	2
31 	2
49 	0
33 	1
61 	0
73 	3
78 	2
56 	0
48 	0
74 	0
04 	1
49 	4
53 	2
37 	0
15 	3
36 	1
80 	5
56 	5
77 	0
17 	4
03 	2
84 	2
45 	0
41 	5
15 	3
29 	1
95 	1
53 	3
73 	0
18 	1
42 	0
39 	3
71 	1
13 	2
35 	2
36 	2
66 	0
20 	3
49 	4
03 	2
74 	2
53 	1
23 	0
86 	1
42 	0
36 	3
83 	2
92 	2
19 	2
64 	1
19 	0
67 	2
74 	4
97 	3
97 	5
89 	2
80 	0
37 	4
35 	2
77 	1
07 	0
98 	0
74 	3
13 	5
57 	2
57 	2
38 	3
77 	1
81 	0
48 	4
67 	4
09 	1
59 	5
53 	1
36 	4
38 	3
29 	1
19 	4
05 	2
58 	3
70 	1
33 	5
94 	1
98 	1
97 	1
66 	4
07 	5
71 	2
90 	5
53 	5
95 	5
75 	3
92 	2
70 	5
30 	1
52 	3
94 	1
30 	4
39 	4
36 	0
81 	1
33 	4
17 	5
57 	1
41 	1
97 	0
04 	2
00 	1
87 	3
88 	3
94 	1
72 	0
54 	2
16 	4
59 	5
86 	0
05 	5
32 	3
03 	1
21 	0
49 	2
85 	0
39 	1
34 	0
36 	4
55 	5
79 	5
12 	4
88 	3
18 	0
14 	0
61 	3
11 	0
69 	5
26 	4
06 	2
39 	4
49 	5
15 	2
54 	4
67 	3
13 	0
76 	0
13 	2
97 	4
71 	3
68 	2
74 	5
99 	3
53 	4
31 	0
09 	2
62 	0
00 	5
48 	5
12 	3
83 	0
08 	3
90 	0
30 	4
72 	1
28 	3
42 	4
46 	5
23 	1
43 	0
20 	5
23 	1
58 	2
25 	0
76 	4
54 	1
39 	4
81 	2
65 	5
90 	5
71 	1
24 	5
40 	4
19 	2
99 	4
08 	5
21 	0
02 	3
76 	2
25 	2
98 	1
61 	1
07 	5
69 	2
72 	3
38 	4
95 	0
28 	3
39 	4
00 	4
58 	0
41 	5
19 	4
93 	1
07 	5
64 	2
38 	1
47 	5
70 	2
82 	4
21 	0
53 	5
05 	1
25 	5
32 	2
86 	2
83 	5
29 	4
62 	3
44 	0
66 	2
85 	1
48 	1
99 	0
05 	2
42 	5
13 	0
83 	5
46 	4
12 	1
81 	3
36 	4
87 	1
11 	3
99 	5
87 	2
28 	1
84 	4
25 	1
72 	2
25 	2
93 	3
77 	2
47 	5
51 	5
71 	1
71 	5
91 	3
10 	1
03 	1
99 	1
50 	5
05 	3
61 	5
32 	3
29 	2
38 	1
05 	2
04 	4
03 	3
50 	3
79 	3
90 	3
20 	2
07 	1
00 	4
17 	5
46 	0
14 	3
52 	0
55 	5
53 	1
27 	0
03 	5
21 	4
56 	1
46 	2
34 	2
16 	1
63 	1
46 	4
90 	3
86 	2
32 	5
17 	1
97 	4
12 	5
30 	5
83 	0
71 	1
88 	0
51 	4
83 	3
86 	1
97 	2
91 	4
90 	1
78 	2
95 	4
24 	4
56 	3
73 	5
30 	5
81 	3
74 	1
97 	0
27 	5
55 	3
49 	5
47 	3
83 	1
64 	0
82 	3
55 	0
54 	2
81 	3
22 	3
69 	2
51 	1
98 	2
60 	0
61 	0
28 	3
76 	5
57 	5
07 	5
97 	4
43 	2
80 	5
00 	1
92 	3
85 	1
57 	0
47 	5
39 	1
99 	1
72 	2
61 	5
62 	5
08 	1
38 	2
25 	5
09 	3
75 	0
16 	0
10 	2
90 	4
54 	0
22 	2
82 	3
06 	4
21 	1
46 	1
32 	4
75 	3
50 	2
97 	3
43 	4
05 	5
57 	5
29 	3
03 	4
27 	5
54 	3
25 	4
18 	5
95 	1
41 	4
77 	4
23 	5
41 	5
53 	2
85 	0
44 	0
17 	1
68 	2
96 	4
25 	2
49 	5
30 	3
48 	0
34 	5
06 	3
07 	3
34 	0
06 	4
96 	2
40 	5
81 	5
66 	5
47 	5
30 	1
73 	2
16 	5
70 	3
43 	0
61 	1
72 	4
88 	4
11 	0
29 	1
21 	3
52 	3
84 	3
81 	0
57 	1
47 	3
06 	0
31 	5
80 	4
55 	4
71 	4
44 	4
12 	3
90 	1
19 	2
39 	4
22 	1
82 	4
69 	1
72 	1
41 	4
24 	5
49 	3
17 	2
04 	3
53 	0
25 	5
66 	0
02 	5
14 	0
90 	1
41 	2
27 	4
84 	3
42 	0
10 	5
17 	2
09 	3
80 	0
17 	4
49 	1
71 	0
43 	4
16 	4
84 	0
88 	0
11 	4
88 	3
80 	0
88 	5
21 	3
14 	3
66 	2
83 	5
55 	2
02 	0
34 	1
83 	3
36 	0
22 	3
49 	0
38 	0
49 	3
20 	4
23 	3
30 	2
69 	5
96 	3
82 	4
71 	1
33 	0
39 	2
39 	3
50 	5
62 	4
85 	4
54 	5
32 	5
43 	2
64 	3
31 	5
78 	3
79 	3
30 	1
99 	4
45 	5
30 	2
40 	4
98 	5
75 	3
32 	3
19 	4
15 	4
85 	1
09 	3
02 	1
04 	0
04 	5
71 	1
34 	0
26 	2
43 	4
85 	2
81 	1
68 	3
82 	3
71 	4
23 	4
95 	4
00 	1
25 	4
60 	4
39 	2
30 	5
49 	0
77 	3
62 	2
64 	2
83 	5
55 	0
64 	4
89 	1
94 	3
34 	0
57 	3
66 	3
54 	5
97 	5
01 	0
39 	3
90 	4
01 	2
35 	5
80 	2
13 	5
96 	1
25 	2
57 	0
61 	3
44 	2
07 	5
59 	4
30 	5
45 	4
52 	0
57 	4
36 	3
69 	3
99 	2
49 	1
11 	1
38 	2
30 	0
38 	5
78 	5
50 	2
21 	0
11 	3
88 	3
81 	3
83 	2
97 	0
83 	2
89 	1
91 	2
16 	4
96 	0
39 	5
36 	1
69 	3
75 	1
61 	5
71 	4
09 	1
53 	4
55 	5
58 	5
08 	1
43 	2
52 	1
54 	2
39 	3
59 	4
27 	5
18 	2
52 	4
70 	0
51 	3
14 	4
29 	4
89 	4
26 	2
40 	4
80 	4
65 	3
13 	2
85 	2
92 	4
23 	5
82 	0
06 	5
85 	2
17 	3
79 	2
88 	3
11 	4
69 	2
96 	1
96 	5
30 	0
96 	2
02 	5
54 	5
69 	0
69 	4
94 	5
62 	2
07 	4
50 	0
09 	1
83 	4
95 	1
71 	4
68 	0
09 	1
29 	5
60 	2
68 	1
58 	3
00 	2
01 	2
58 	0
21 	5
08 	3
61 	0
00 	5
79 	0
12 	5
79 	2
18 	1
47 	5
49 	2
89 	1
60 	1
27 	1
60 	0
91 	0
49 	0
43 	4
89 	5
80 	0
93 	0
61 	0
03 	3
25 	0
29 	4
45 	2
84 	1
85 	4
79 	5
73 	2
17 	5
93 	4
91 	0
38 	3
41 	3
96 	1
75 	0
75 	0
84 	5
92 	4
23 	2
45 	1
82 	4
31 	1
18 	2
91 	2
24 	1
22 	0
51 	0
37 	5
73 	5
08 	0
10 	5
68 	3
97 	0
86 	5
90 	0
28 	5
22 	4
92 	1
34 	2
63 	1
25 	0
04 	0
31 	5
86 	2
46 	3
97 	1
37 	0
56 	5
07 	1
29 	3
80 	1
32 	3
01 	2
35 	4
30 	2
13 	1
72 	3
30 	2
82 	4
37 	3
06 	4
05 	1
64 	4
86 	2
66 	0
19 	1
15 	3
75 	1
88 	2
19 	4
74 	2
79 	4
18 	0
59 	1
56 	0
92 	5
45 	5
30 	5
86 	2
54 	0
75 	3
19 	3
98 	5
68 	1
47 	5
34 	0
47 	0
23 	1
20 	4
57 	1
05 	5
93 	1
91 	0
06 	0
43 	1
19 	1
28 	1
86 	0
76 	3
50 	3
79 	4
12 	3
60 	5
17 	1
55 	3
44 	1
35 	5
87 	1
57 	2
55 	3
58 	5
70 	1
59 	0
89 	3
60 	0
64 	4
30 	0
62 	2
25 	3
99 	2
85 	5
01 	5
46 	1
90 	2
66 	2
11 	1
96 	1
77 	4
08 	4
95 	2
20 	3
21 	5
41 	2
70 	5
94 	2
61 	4
15 	2
34 	3
39 	5
54 	2
24 	4
54 	1
50 	1
90 	1
13 	2
02 	3
29 	3
10 	0
16 	0
29 	4
35 	3
22 	2
97 	4
83 	4
96 	1
65 	5
65 	1
59 	0
30 	4
39 	1
94 	0
27 	5
32 	1
25 	2
36 	1
42 	3
68 	1
53 	4
59 	3
16 	4
99 	2
08 	3
78 	2
98 	2
67 	5
16 	5
31 	0
42 	2
93 	3
09 	4
47 	0
47 	3
33 	4
60 	0
38 	1
81 	4
72 	5
89 	4
60 	3
37 	0
05 	2
71 	2
11 	3
99 	4
99 	0
46 	5
60 	5
48 	3
21 	5
17 	3
87 	4
66 	2
61 	4
61 	1
82 	3
69 	1
83 	1
33 	1
78 	4
39 	1
24 	4
91 	0
97 	3
43 	3
68 	3
71 	5
91 	5
96 	3
18 	5
53 	0
46 	4
07 	5
49 	1
76 	2
24 	5
30 	4
35 	1
40 	0
95 	5
41 	1
42 	3
34 	0
92 	0
83 	1
88 	5
63 	2
77 	5
14 	2
67 	3
59 	4
15 	5
56 	4
90 	2
43 	1
02 	3
72 	5
80 	0
46 	4
00 	5
07 	2
77 	2
63 	3
46 	0
87 	2
89 	4
07 	5
52 	0
78 	3
62 	5
44 	5
12 	3
54 	4
73 	2
82 	1
72 	5
18 	3
04 	0
83 	1
69 	3
32 	1
94 	4
72 	4
33 	3
17 	1
20 	3
49 	3
78 	3
31 	4
80 	2
